Répertoire parent,Nom du fichier,Description,Page du rapport
./src,Processor_VIC.vhd,Processeur avec VIC,6
./src,Processor.vhd,Processeur principal,6
./src,VIC_UART.vhd,VIC avec UART,6
./src,Instructions_Unit_VIC.vhd,Unité d'instructions avec VIC,7
./src,Processor_UART2.vhd,Processeur avec UART2,6
./src,Processor_UART3.vhd,Processeur avec UART3,6
./src,Processor_UART1.vhd,Processeur avec UART1,6
./src,instructions_decoder.vhd,Décodeur d'instructions,8
./src,MUX.vhd,Multiplexeur,4
./src,PC_update_unit.vhd,Unité de mise à jour du PC,7
./src,reg32.vhd,Registre 32 bits,3
./src,UAL.vhd,Unité Arithmétique et Logique,1
./src,UART_reg.vhd,Registre UART,14
./src,Instructions_Unit.vhd,Unité d'instructions,7
./src,instructions_decoder_VIC.vhd,Décodeur d'instructions avec VIC,8
./src,VIC.vhd,Contrôleur d'interruptions vectorisé,6
./src/Quartus,TopLevel_VIC.vhd,Niveau supérieur avec VIC,5
./src/Quartus,SEVEN_SEG.vhd,Décodeur 7 segments,5
./src/Quartus,TopLevel_UART2.vhd,Niveau supérieur avec UART2,5
./src/Quartus,TopLevel_UART3.vhd,Niveau supérieur avec UART3,5
./src/Quartus,TopLevel_UART1.vhd,Niveau supérieur avec UART1,5
./src/Quartus,TopLevel.vhd,Niveau supérieur,5
./src,PC_reg.vhd,Registre de compteur de programme,7
./src,Instructions_Unit_UART.vhd,Unité d'instructions avec UART,14
./src,data_mem.vhd,Mémoire de données,5
./src,UC.vhd,Unité de contrôle,8
./src,UT.vhd,Unité de traitement,1
./src,register_bench.vhd,Banc de registres,3
./src,instruction_memory.vhd,Mémoire d'instructions,6
./src,instruction_memory_IRQ.vhd,Mémoire d'instructions avec IRQ,6
./src,PC_update_unit_VIC.vhd,Unité de mise à jour du PC avec VIC,7
./src,sign_ext.vhd,Extension de signe,4
./src,UC_VIC.vhd,Unité de contrôle avec VIC,8
./src,instruction_memory_UART1.vhd,Mémoire d'instructions avec UART1,7
./src,Instructions_Unit_UART2.vhd,Unité d'instructions avec UART2,7
./src,instruction_memory_UART3.vhd,Mémoire d'instructions avec UART3,7
./src,instruction_memory_UART2.vhd,Mémoire d'instructions avec UART2,7
./src,Instructions_Unit_UART3.vhd,Unité d'instructions avec UART3,7
./src,VIC_UART2.vhd,VIC avec UART2,6
./src,UT_UART.vhd,Unité de traitement avec UART,14
./src/UART,uart_tx.vhd,Émetteur UART,15
./src/UART,fdiv.vhd,Diviseur de fréquence,15
./src/UART,uart_rx.vhd,Récepteur UART,15
./src,UT_UART2.vhd,Unité de traitement avec UART2,14
./simu,Processor_UART2_TB.vhd,Banc de test pour Processor_UART2,
./simu,MUX_TB.vhd,Banc de test pour MUX,
./simu,simu_IU.do,Script de simulation pour IU,
./simu,simu_REG32.do,Script de simulation pour REG32,
./simu,instructions_decoder_TB.vhd,Banc de test pour instructions_decoder,
./simu,simu_UAL.do,Script de simulation pour UAL,
./simu,simu_RegBen.do,Script de simulation pour RegBen,
./simu,simu_UART_REG.do,Script de simulation pour UART_REG,
./simu,VIC_UART_TB.vhd,Banc de test pour VIC_UART,
./simu,Processor_TB.vhd,Banc de test pour Processor,
./simu,simu_PC_update_unit_VIC.do,Script de simulation pour PC_update_unit_VIC,
./simu,instruction_memory_TB.vhd,Banc de test pour instruction_memory,
./simu,Reg_Bench_TB.vhd,Banc de test pour Reg_Bench,
./simu,simu_Processor_UART1.do,Script de simulation pour Processor_UART1,
./simu,simu_UT_UART2.do,Script de simulation pour UT_UART2,
./simu,UT_UAL_RegBen_TB.vhd,"Banc de test pour UT, UAL et RegBen",
./simu,simu_Processor.do,Script de simulation pour Processor,
./simu,simu_PC_REG.do,Script de simulation pour PC_REG,
./simu,Processor_VIC_TB.vhd,Banc de test pour Processor_VIC,
./simu,data_mem_TB.vhd,Banc de test pour data_mem,
./simu,simu_PC_update_unit.do,Script de simulation pour PC_update_unit,
./simu,UC_TB.vhd,Banc de test pour UC,
./simu,VIC_TB.vhd,Banc de test pour VIC,
./simu,simu_UT_UART.do,Script de simulation pour UT_UART,
./simu,UAL_tb.vhd,Banc de test pour UAL,
./simu,PC_update_unit_TB.vhd,Banc de test pour PC_update_unit,
./simu,simu_Instructions_Decoder.do,Script de simulation pour Instructions_Decoder,
./simu,REG32_TB.vhd,Banc de test pour REG32,
./simu,sign_ext_TB.vhd,Banc de test pour sign_ext,
./simu,simu_VIC.do,Script de simulation pour VIC,
./simu,simu_UC.do,Script de simulation pour UC,
./simu,PC_reg_TB.vhd,Banc de test pour PC_reg,
./simu,simu_MUX.do,Script de simulation pour MUX,
./simu,Processor_UART3_TB.vhd,Banc de test pour Processor_UART3,
./simu,simu_Instructions_Decoder_VIC.do,Script de simulation pour Instructions_Decoder_VIC,
./simu,Processor_UART1_TB.vhd,Banc de test pour Processor_UART1,
./simu,UART_Reg_TB.vhd,Banc de test pour UART_Reg,
./simu,UT_UART2_TB.vhd,Banc de test pour UT_UART2,
./simu,simu_data_mem.do,Script de simulation pour data_mem,
./simu,VIC_UART2_TB.vhd,Banc de test pour VIC_UART2,
./simu,PC_update_unit_VIC_TB.vhd,Banc de test pour PC_update_unit_VIC,
./simu,simu_UAL_RegBen.do,Script de simulation pour UAL_RegBen,
./simu,Instructions_Unit_TB.vhd,Banc de test pour Instructions_Unit,
./simu,simu_instruction_memory.do,Script de simulation pour instruction_memory,
./simu,simu_Processor_UART2.do,Script de simulation pour Processor_UART2,
./simu,simu_VIC_UART.do,Script de simulation pour VIC_UART,
./simu,instructions_decoder_VIC_TB.vhd,Banc de test pour instructions_decoder_VIC,
./simu,simu_UT.do,Script de simulation pour UT,
./simu,simu_Processor_UART3.do,Script de simulation pour Processor_UART3,
./simu,simu_VIC_UART2.do,Script de simulation pour VIC_UART2,
./simu,simu_Processor_VIC.do,Script de simulation pour Processor_VIC,
./simu,simu_sign_ext.do,Script de simulation pour sign_ext,
./simu,UT_UART_TB.vhd,Banc de test pour UT_UART,
./simu,UT_TB.vhd,Banc de test pour UT,
